physician_id,physician_name,speciality,department_id,department_name,completed_visits,cancelled_visits,pending_visits,completion_rate,total_diagnosis,critical_diagnosis,average_daily_visits,first_visit_date,last_visit_date
DR0001,"Elena Ramos MD","Internal Medicine",D003,"Internal Medicine",10,5,6,25.0,27,7,1.05,2023-01-19,2025-11-01
DR0002,"Dr. Patrick Cruz","Obstetrics & Gynecology",D007,"Obstetrics & Gynecology",7,6,4,20.6,22,2,1.03,2023-05-01,2025-12-30
DR0003,"Elena Cruz MD","Obstetrics & Gynecology",D007,"Obstetrics & Gynecology",6,5,6,15.4,16,3,1.00,2023-01-05,2025-12-28
DR0004,"Robert Castillo MD","Internal Medicine",D003,"Internal Medicine",12,5,2,35.3,28,7,1.00,2023-01-10,2025-12-06
DR0005,"Dr. Samantha Gonzales",Emergency,D004,Emergency,11,8,4,29.7,19,4,1.00,2023-03-19,2025-12-25
DR0006,"Dr. Elena Rivera",Orthopedics,D005,Orthopedics,9,4,4,27.3,25,8,1.00,2023-02-02,2025-10-02
DR0007,"Nicole Mendoza MD","Internal Medicine",D003,"Internal Medicine",11,6,7,34.4,30,8,1.00,2023-02-12,2025-09-20
DR0008,"Anthony Navarro MD","General Surgery",D008,"General Surgery",8,2,4,33.3,26,4,1.09,2023-02-18,2025-12-31
DR0009,"Dr. Nicole Mendoza",Emergency,D004,Emergency,4,6,6,11.4,26,5,1.00,2023-01-24,2026-01-02
DR0010,"Dr. Anthony Bautista","Internal Medicine",D003,"Internal Medicine",7,5,7,22.6,31,7,1.03,2023-01-27,2025-10-25
DR0011,"Dr. Patrick Bautista","Internal Medicine",D003,"Internal Medicine",9,3,2,34.6,28,3,1.00,2023-01-10,2025-11-27
DR0012,"Dr. Samantha Garcia",Emergency,D004,Emergency,14,6,3,37.8,20,5,1.00,2023-02-21,2026-01-01
DR0013,"Dr. Samantha Cruz",Emergency,D004,Emergency,7,3,6,26.9,28,3,1.00,2023-02-17,2025-11-16
DR0014,"Samantha Ramos MD",Pediatrics,D002,Pediatrics,5,5,3,20.8,32,7,1.00,2023-02-16,2025-11-24
DR0015,"Anthony Castillo MD",Emergency,D004,Emergency,2,7,10,6.1,25,8,1.00,2023-02-21,2025-09-18
DR0016,"Jose Navarro MD","Internal Medicine",D003,"Internal Medicine",10,5,4,32.3,31,4,1.00,2023-02-12,2025-12-28
DR0017,"Elena Santos MD",Pediatrics,D002,Pediatrics,7,4,5,28.0,20,8,1.00,2023-03-20,2025-11-05
DR0018,"Catherine Santos MD",Orthopedics,D005,Orthopedics,14,8,3,41.2,37,10,1.03,2023-01-15,2025-12-29
DR0019,"Dr. Nicole Castillo",Orthopedics,D005,Orthopedics,12,1,2,46.2,14,2,1.00,2023-01-09,2026-01-02
DR0020,"Dr. Patrick Cruz",Orthopedics,D005,Orthopedics,12,3,5,38.7,18,7,1.00,2023-01-10,2025-12-31
DR0021,"Elena Santos MD",Cardiology,D001,Cardiology,10,5,3,28.6,29,13,1.00,2023-01-16,2025-11-04
DR0022,"Dr. Jose Castillo",Pediatrics,D002,Pediatrics,10,5,5,30.3,23,4,1.00,2023-03-05,2026-01-01
DR0023,"Jose Castillo MD",Orthopedics,D005,Orthopedics,5,1,1,29.4,30,3,1.00,2023-01-25,2025-10-08
DR0024,"Nicole Garcia MD","Internal Medicine",D003,"Internal Medicine",11,7,7,28.2,22,5,1.00,2023-01-06,2025-12-24
DR0025,"Nicole Torres MD","General Surgery",D008,"General Surgery",1,4,6,3.8,22,2,1.00,2023-02-06,2025-12-24
DR0026,"Anthony Bautista MD",Neurology,D006,Neurology,15,2,5,46.9,24,2,1.00,2023-01-08,2025-12-29
DR0027,"Dr. Nicole Gonzales","Obstetrics & Gynecology",D007,"Obstetrics & Gynecology",10,0,3,40.0,24,5,1.00,2023-01-30,2025-12-30
DR0028,"Anthony Dela Cruz MD",Orthopedics,D005,Orthopedics,5,2,2,17.9,25,1,1.00,2023-02-04,2025-10-05
DR0029,"Robert Bautista MD","General Surgery",D008,"General Surgery",7,3,2,36.8,23,3,1.00,2023-02-27,2025-12-19
DR0030,"Dr. Elena Navarro","Obstetrics & Gynecology",D007,"Obstetrics & Gynecology",9,6,6,25.7,20,6,1.00,2023-01-08,2025-12-20
DR0031,"Dr. Jose Dela Cruz",Neurology,D006,Neurology,12,1,3,34.3,31,7,1.03,2023-06-14,2025-12-03
DR0032,"Dr. Samantha Castillo","Internal Medicine",D003,"Internal Medicine",11,5,7,34.4,20,8,1.03,2023-02-13,2025-12-03
DR0033,"Dr. Catherine Bautista",Cardiology,D001,Cardiology,6,3,3,22.2,26,5,1.00,2023-01-16,2025-12-21
DR0034,"Elena Navarro MD",Neurology,D006,Neurology,5,7,5,14.3,30,6,1.00,2023-02-14,2025-11-28
DR0035,"Anthony Mendoza MD",Pediatrics,D002,Pediatrics,8,5,3,21.1,31,9,1.00,2023-01-06,2025-12-22
DR0036,"Dr. Patrick Dela Cruz","Obstetrics & Gynecology",D007,"Obstetrics & Gynecology",11,4,0,44.0,25,2,1.04,2023-03-09,2025-10-27
DR0037,"Nicole Bautista MD",Pediatrics,D002,Pediatrics,6,6,2,21.4,27,5,1.00,2023-01-30,2025-12-30
DR0038,"Dr. Nicole Rivera",Pediatrics,D002,Pediatrics,5,3,9,20.0,16,2,1.04,2023-07-04,2026-01-03
DR0039,"Samantha Santos MD","General Surgery",D008,"General Surgery",17,6,1,48.6,19,3,1.00,2023-02-21,2025-12-10
DR0040,"Dr. Nicole Flores",Cardiology,D001,Cardiology,8,6,3,29.6,26,6,1.00,2023-01-13,2025-10-18
DR0041,"Dr. Nicole Torres",Emergency,D004,Emergency,3,6,6,9.4,21,5,1.03,2023-03-02,2025-12-19
DR0042,"Catherine Mendoza MD",Cardiology,D001,Cardiology,6,5,2,27.3,27,5,1.00,2023-01-19,2025-09-08
DR0043,"Dr. Samantha Flores",Emergency,D004,Emergency,14,4,2,38.9,31,3,1.06,2023-01-18,2025-12-02
DR0044,"Dr. Catherine Castillo","Internal Medicine",D003,"Internal Medicine",11,6,5,28.9,18,3,1.00,2023-05-10,2025-12-17
DR0045,"Dr. Robert Dela Cruz","Obstetrics & Gynecology",D007,"Obstetrics & Gynecology",5,5,3,22.7,32,5,1.00,2023-01-05,2025-10-24
DR0046,"Rafael Ramos MD",Emergency,D004,Emergency,3,4,2,16.7,22,2,1.00,2023-01-16,2025-05-16
DR0047,"Catherine Garcia MD","General Surgery",D008,"General Surgery",10,3,6,30.3,34,7,1.03,2023-01-28,2025-11-18
DR0048,"Dr. Robert Castillo",Pediatrics,D002,Pediatrics,8,1,1,33.3,23,5,1.04,2023-02-03,2025-10-19
DR0049,"Anthony Garcia MD","General Surgery",D008,"General Surgery",5,2,6,20.8,31,6,1.00,2023-01-12,2025-10-13
DR0050,"Catherine Reyes MD","Internal Medicine",D003,"Internal Medicine",6,3,4,19.4,23,8,1.03,2023-01-13,2025-12-10
DR0051,"Nicole Castillo MD",Neurology,D006,Neurology,8,5,6,26.7,23,5,1.00,2023-01-10,2025-11-14
DR0052,"Patrick Reyes MD",Pediatrics,D002,Pediatrics,11,6,7,32.4,14,2,1.03,2023-01-18,2025-12-28
DR0053,"Dr. Samantha Rivera",Cardiology,D001,Cardiology,6,5,1,33.3,38,6,1.00,2023-03-02,2025-11-15
DR0054,"Dr. Robert Dela Cruz","Internal Medicine",D003,"Internal Medicine",7,2,6,35.0,22,5,1.00,2023-01-15,2025-12-01
DR0055,"Dr. Jose Santos","Obstetrics & Gynecology",D007,"Obstetrics & Gynecology",9,2,3,25.7,17,4,1.00,2023-01-04,2025-12-17
DR0056,"Dr. Elena Cruz",Neurology,D006,Neurology,11,2,6,30.6,21,4,1.00,2023-01-13,2026-01-05
DR0057,"Elena Navarro MD",Emergency,D004,Emergency,11,1,2,33.3,19,4,1.00,2023-02-18,2025-12-30
DR0058,"Robert Mendoza MD",Emergency,D004,Emergency,6,5,6,20.7,15,0,1.04,2023-01-05,2025-12-18
DR0059,"Dr. Nicole Ramos",Neurology,D006,Neurology,6,3,5,26.1,24,4,1.00,2023-02-06,2025-10-12
DR0060,"Maria Castillo MD",Cardiology,D001,Cardiology,6,2,5,24.0,33,11,1.00,2023-03-13,2025-11-13
DR0061,"Robert Bautista MD","General Surgery",D008,"General Surgery",11,5,3,30.6,24,3,1.03,2023-03-27,2026-01-04
DR0062,"Dr. Catherine Cruz",Pediatrics,D002,Pediatrics,7,6,5,25.9,31,7,1.00,2023-04-05,2025-12-25
DR0063,"Dr. Anthony Bautista",Pediatrics,D002,Pediatrics,12,5,6,33.3,32,12,1.03,2023-01-02,2025-12-19
DR0064,"Robert Torres MD",Pediatrics,D002,Pediatrics,9,4,5,29.0,21,5,1.00,2023-01-03,2025-12-21
DR0065,"Dr. Samantha Mendoza",Pediatrics,D002,Pediatrics,5,5,6,14.7,28,4,1.03,2023-01-24,2025-12-30
DR0066,"Dr. Maria Garcia",Cardiology,D001,Cardiology,5,1,5,25.0,18,1,1.00,2023-01-24,2025-09-30
DR0067,"Samantha Reyes MD",Emergency,D004,Emergency,7,3,3,30.4,28,6,1.00,2023-02-03,2025-12-25
DR0068,"Dr. Maria Gonzales","Obstetrics & Gynecology",D007,"Obstetrics & Gynecology",6,3,3,20.7,25,4,1.00,2023-02-04,2025-12-25
DR0069,"Dr. Jose Mendoza",Pediatrics,D002,Pediatrics,7,4,5,25.9,21,4,1.00,2023-02-27,2025-12-24
DR0070,"Rafael Castillo MD","Internal Medicine",D003,"Internal Medicine",12,3,8,37.5,18,0,1.00,2023-01-01,2025-12-02
DR0071,"Dr. Jose Garcia","Obstetrics & Gynecology",D007,"Obstetrics & Gynecology",8,2,2,36.4,17,4,1.10,2023-05-02,2025-07-06
DR0072,"Dr. Elena Reyes",Cardiology,D001,Cardiology,8,1,5,36.4,14,2,1.00,2023-01-13,2025-12-23
DR0073,"Dr. Catherine Torres",Pediatrics,D002,Pediatrics,6,5,2,20.0,31,5,1.00,2023-03-25,2025-12-20
DR0074,"Dr. Maria Gonzales","General Surgery",D008,"General Surgery",10,4,3,38.5,19,4,1.00,2023-02-07,2025-12-23
DR0075,"Catherine Ramos MD",Neurology,D006,Neurology,7,2,2,28.0,25,4,1.04,2023-01-02,2025-12-19
DR0076,"Maria Torres MD",Orthopedics,D005,Orthopedics,15,2,7,45.5,36,8,1.03,2023-01-05,2025-10-24
DR0077,"Samantha Santos MD","General Surgery",D008,"General Surgery",9,6,4,27.3,27,4,1.06,2023-04-29,2025-12-29
DR0078,"Dr. Jose Castillo","Obstetrics & Gynecology",D007,"Obstetrics & Gynecology",9,5,2,32.1,27,3,1.04,2023-02-07,2025-07-07
DR0079,"Jose Castillo MD","Obstetrics & Gynecology",D007,"Obstetrics & Gynecology",7,1,4,25.9,34,6,1.00,2023-02-23,2025-11-30
DR0080,"Nicole Flores MD","Obstetrics & Gynecology",D007,"Obstetrics & Gynecology",6,4,6,20.7,22,3,1.00,2023-01-24,2026-01-05
DR0081,"Dr. Jose Mendoza","General Surgery",D008,"General Surgery",9,4,5,33.3,29,2,1.04,2023-02-06,2025-12-24
DR0082,"Elena Castillo MD","General Surgery",D008,"General Surgery",9,2,2,50.0,27,6,1.00,2023-04-11,2025-06-27
DR0083,"Samantha Castillo MD",Pediatrics,D002,Pediatrics,4,10,4,12.9,28,10,1.00,2023-01-13,2025-12-30
DR0084,"Anthony Santos MD",Neurology,D006,Neurology,7,4,4,25.9,28,3,1.00,2023-02-22,2025-11-20
DR0085,"Dr. Anthony Flores",Neurology,D006,Neurology,6,3,8,18.2,32,6,1.00,2023-01-05,2025-12-11
DR0086,"Dr. Jose Garcia","Internal Medicine",D003,"Internal Medicine",14,7,3,40.0,22,7,1.00,2023-01-04,2026-01-02
DR0087,"Dr. Nicole Rivera","Internal Medicine",D003,"Internal Medicine",6,6,4,21.4,29,10,1.04,2023-02-17,2025-12-30
DR0088,"Dr. Jose Flores",Neurology,D006,Neurology,8,8,4,20.0,34,7,1.03,2023-01-08,2025-12-23
DR0089,"Maria Cruz MD",Emergency,D004,Emergency,8,6,2,24.2,32,5,1.00,2023-01-27,2025-10-11
DR0090,"Maria Mendoza MD","General Surgery",D008,"General Surgery",9,6,0,33.3,27,10,1.00,2023-01-10,2025-12-30
DR0091,"Dr. Rafael Flores",Orthopedics,D005,Orthopedics,7,1,4,35.0,26,7,1.00,2023-01-29,2026-01-05
DR0092,"Dr. Catherine Bautista","Internal Medicine",D003,"Internal Medicine",9,3,4,36.0,29,7,1.00,2023-02-14,2025-12-14
DR0093,"Dr. Patrick Navarro",Pediatrics,D002,Pediatrics,13,0,4,44.8,29,6,1.00,2023-01-24,2025-12-04
DR0094,"Anthony Aquino MD","General Surgery",D008,"General Surgery",7,7,3,31.8,26,5,1.00,2023-01-31,2025-12-09
DR0095,"Patrick Cruz MD","General Surgery",D008,"General Surgery",10,6,6,31.3,21,3,1.00,2023-03-19,2025-12-22
DR0096,"Dr. Maria Navarro","Internal Medicine",D003,"Internal Medicine",11,4,2,39.3,24,5,1.00,2023-01-04,2025-11-01
DR0097,"Dr. Samantha Garcia",Neurology,D006,Neurology,9,5,3,29.0,22,4,1.00,2023-01-18,2025-11-03
DR0098,"Jose Aquino MD","Internal Medicine",D003,"Internal Medicine",16,3,6,39.0,33,12,1.00,2023-01-14,2026-01-03
DR0099,"Dr. Maria Torres",Neurology,D006,Neurology,7,3,2,33.3,30,6,1.00,2023-01-12,2026-01-05
DR0100,"Dr. Robert Navarro",Neurology,D006,Neurology,9,2,2,40.9,30,5,1.05,2023-02-14,2025-10-25
DR0101,"Maria Reyes MD",Cardiology,D001,Cardiology,17,9,5,27.4,25,5,1.03,2023-02-23,2025-12-20
