product_key,product_id,product_name,category,supplier,unit_cost,reorder_level,stock_quantity,load_date
1,P0001,Laptop,"Mobile Devices","Metro Distributors",15000,20,199,"2026-09-30 17:43:57"
2,P0002,Monitor,"Computer Accesossories","Metro Distributors",5000,20,238,"2026-09-30 17:43:57"
3,P0003,Keyboard,"Computer Accesossories",TechSource,1000,10,243,"2026-09-30 17:43:57"
4,P0004,Mouse,"Computer Accesossories","Global Office",700,50,295,"2026-09-30 17:43:57"
5,P0005,Printer,"Computer Accesossories","Global Office",2000,30,5,"2026-09-30 17:43:57"
6,P0006,"Office Chair","Office Furniture","ABC Trading",2000,10,293,"2026-09-30 17:43:57"
7,P0007,Desk,"Office Furniture","Global Office",10000,10,79,"2026-09-30 17:43:57"
8,P0008,Headset,"Computer Accesossories","Metro Distributors",600,0,44,"2026-09-30 17:43:57"
9,P0009,Webcam,"Computer Accesossories",TechSource,900,30,264,"2026-09-30 17:43:57"
10,P0010,Tablet,"Mobile Devices",TechSource,5000,50,289,"2026-09-30 17:43:57"
11,P0011,Smartphone,"Mobile Devices",TechSource,7500,10,241,"2026-09-30 17:43:57"
12,P0012,Router,Networking,"Prime Supplies",500,50,29,"2026-09-30 17:43:57"
13,P0013,"External Drive",Electronics,"Global Office",400,10,272,"2026-09-30 17:43:57"
14,P0014,Projector,Electronics,TechSource,2500,5,66,"2026-09-30 17:43:57"
15,P0015,UPS,Electronics,"Metro Distributors",3500,50,66,"2026-09-30 17:43:57"
