employee_id,first_name,last_name,full_name,gender,department,job_title,hire_date,salary,manager_id,employment_status,email
E0001,Anna,Santos,"Anna Santos",Santos,Male,"It Analyst",2024-02-12,60000.00,Unknown,Active,n/a
E0002,Sofia,Rivera,"Sofia Rivera",Rivera,n/a,"Manager Manager",2023-01-14,28000.00,Unknown,Active,sofia.rivera@company.com
E0003,Mark,Lim,"Mark Lim",Lim,Female,"Marketing Specialist",2020-12-19,75000.00,Unknown,Resigned,mark.lim@company.com
E0004,David,Cruz,"David Cruz",Cruz,n/a,"Supervisor Supervisor",2022-01-21,32000.00,Unknown,Active,david.cruz@company.com
E0005,Robert,Cruz,"Robert Cruz",Cruz,Female,"Logistics Coordinator",2022-02-03,50000.00,Unknown,Active,robert.cruz@company.com
E0006,James,White,"James White",White,Female,"Manager Manager",2021-08-21,28000.00,Unknown,Active,james.white@company.com
E0007,James,Torres,"James Torres",Torres,n/a,"Logistics Coordinator",2025-03-18,45000.00,Unknown,Active,james.torres@company.com
E0008,Angela,Moore,"Angela Moore",Moore,Male,"Customer Officer",2019-07-21,32000.00,Unknown,Active,angela.moore@company.com
E0009,Michael,Mendoza,"Michael Mendoza",Mendoza,Female,"Supervisor Supervisor",2023-12-08,28000.00,Unknown,Unknown,michael.mendoza@company.com
E0010,Angela,Lim,"Angela Lim",Lim,Male,"Accountant Accountant",2020-12-14,35000.00,Unknown,Resigned,angela.lim@company.com
E0011,Robert,Thomas,"Robert Thomas",Thomas,n/a,"Manager Manager",2024-09-19,28000.00,E0002,Active,robert.thomas@company.com
E0012,Robert,Rivera,"Robert Rivera",Rivera,Male,"It Analyst",2019-05-31,75000.00,E0009,Active,robert.rivera@company.com
E0013,Rachel,Wilson,"Rachel Wilson",Wilson,Female,"Customer Officer",2025-04-15,90000.00,E0008,Active,rachel.wilson@company.com
E0014,James,Smith,"James Smith",Smith,Male,"Sales Representative",2021-09-15,40000.00,E0005,Unknown,james.smith@company.com
E0015,Angela,"Dela Cruz","Angela Dela Cruz","Dela Cruz",n/a,"Logistics Coordinator",2020-02-19,60000.00,E0006,"On Leave",angela.delacruz@company.com
E0016,Maria,Garcia,"Maria Garcia",Garcia,Male,"It Analyst",2020-02-19,35000.00,E0007,Active,maria.garcia@company.com
E0017,Kevin,Cruz,"Kevin Cruz",Cruz,Female,"Hr Specialist",2022-07-01,60000.00,E0001,"On Leave",kevin.cruz@company.com
E0018,Alex,Tan,"Alex Tan",Tan,Female,"Supervisor Supervisor",2018-09-07,28000.00,E0001,Resigned,alex.tan@company.com
E0019,Brian,Mendoza,"Brian Mendoza",Mendoza,Male,"It Analyst",2020-08-21,0.00,E0004,Resigned,brian.mendoza@company.com
E0020,Rachel,Cruz,"Rachel Cruz",Cruz,Female,"Hr Specialist",2021-07-10,60000.00,E0003,Unknown,rachel.cruz@company.com
E0021,Alex,Smith,"Alex Smith",Smith,Male,"Supervisor Supervisor",2018-10-28,90000.00,E0005,Active,alex.smith@company.com
E0022,James,Rivera,"James Rivera",Rivera,Male,"Supervisor Supervisor",2025-05-02,90000.00,E0005,Unknown,james.rivera@company.com
E0023,Michael,Lim,"Michael Lim",Lim,Male,"Accountant Accountant",2024-10-13,50000.00,E0004,Unknown,michael.lim@company.com
E0024,Emily,Thomas,"Emily Thomas",Thomas,Female,"Sales Representative",2019-06-20,35000.00,E0008,Resigned,emily.thomas@company.com
E0025,Angela,Santos,"Angela Santos",Santos,Male,"Accountant Accountant",2022-02-21,35000.00,E0007,Active,n/a
E0026,Grace,Reyes,"Grace Reyes",Reyes,Male,"It Analyst",2024-04-12,35000.00,E0004,Active,grace.reyes@company.com
E0027,Daniel,Wilson,"Daniel Wilson",Wilson,Male,"Marketing Specialist",2022-08-14,40000.00,E0005,Active,daniel.wilson@company.com
E0028,Anna,Brown,"Anna Brown",Brown,Male,"Logistics Coordinator",2020-07-21,40000.00,E0007,Active,anna.brown@company.com
E0029,James,Lim,"James Lim",Lim,Male,"Manager Manager",2018-04-24,45000.00,E0003,Resigned,james.lim@company.com
E0030,Emily,Reyes,"Emily Reyes",Reyes,Male,"Marketing Specialist",2023-09-26,0.00,E0004,Active,n/a
E0031,Nicole,Santos,"Nicole Santos",Santos,n/a,"It Analyst",2021-09-14,32000.00,E0005,Resigned,nicole.santos@company.com
E0032,Nicole,Smith,"Nicole Smith",Smith,Female,"Hr Specialist",2022-04-02,35000.00,E0010,Resigned,nicole.smith@company.com
E0033,Angela,Santos,"Angela Santos",Santos,Male,"Supervisor Supervisor",2021-08-12,75000.00,E0004,Resigned,angela.santos@company.com
E0034,Daniel,Cruz,"Daniel Cruz",Cruz,Male,"Hr Specialist",2024-11-08,60000.00,E0010,Active,daniel.cruz@company.com
E0035,David,Martin,"David Martin",Martin,Female,"It Analyst",2020-06-15,90000.00,E0008,Active,david.martin@company.com
E0036,Anna,Anderson,"Anna Anderson",Anderson,Female,"Manager Manager",2022-12-18,90000.00,E0007,Resigned,anna.anderson@company.com
E0037,Daniel,Martin,"Daniel Martin",Martin,Female,"Operations Analyst",2023-11-06,40000.00,E0005,"On Leave",daniel.martin@company.com
E0038,Robert,Rivera,"Robert Rivera",Rivera,Male,"Manager Manager",2020-05-26,60000.00,E0006,Resigned,robert.rivera@company.com
E0039,Maria,Torres,"Maria Torres",Torres,Female,"Supervisor Supervisor",2018-03-22,75000.00,E0001,Active,maria.torres@company.com
E0040,David,Wilson,"David Wilson",Wilson,n/a,"Operations Analyst",2018-04-29,60000.00,E0003,"On Leave",david.wilson@company.com
E0041,Rachel,Moore,"Rachel Moore",Moore,Male,"Sales Representative",2020-12-01,40000.00,E0008,Active,rachel.moore@company.com
E0042,David,Lim,"David Lim",Lim,Female,Unknown,2024-01-19,40000.00,E0002,Unknown,n/a
E0043,John,Rivera,"John Rivera",Rivera,Female,"Hr Specialist",2020-06-11,45000.00,E0006,Active,john.rivera@company.com
E0044,Anna,Mendoza,"Anna Mendoza",Mendoza,Male,"Operations Analyst",2022-03-18,40000.00,E0002,Resigned,anna.mendoza@company.com
E0045,Kevin,Garcia,"Kevin Garcia",Garcia,Male,"Supervisor Supervisor",2021-11-23,50000.00,E0002,Resigned,kevin.garcia@company.com
E0046,John,Wilson,"John Wilson",Wilson,Female,"Marketing Specialist",2023-02-27,60000.00,E0003,Unknown,john.wilson@company.com
E0047,Emily,White,"Emily White",White,n/a,"Supervisor Supervisor",2020-10-02,75000.00,E0004,"On Leave",emily.white@company.com
E0048,David,Smith,"David Smith",Smith,Male,"Accountant Accountant",2021-12-24,45000.00,E0010,Unknown,david.smith@company.com
E0049,Angela,Santos,"Angela Santos",Santos,n/a,"Logistics Coordinator",2023-07-04,28000.00,E0002,Active,angela.santos@company.com
E0050,Kevin,Tan,"Kevin Tan",Tan,n/a,"Manager Manager",2024-03-04,75000.00,E0005,Active,kevin.tan@company.com
E0051,Anna,Torres,"Anna Torres",Torres,Male,"Accountant Accountant",2023-06-07,0.00,E0009,Resigned,anna.torres@company.com
E0052,Anna,Torres,"Anna Torres",Torres,Male,Unknown,2023-12-28,28000.00,E0001,Resigned,anna.torres@company.com
E0053,Michael,Martin,"Michael Martin",Martin,Male,"Logistics Coordinator",2021-10-27,45000.00,E0008,Active,michael.martin@company.com
E0054,David,Martin,"David Martin",Martin,Male,"It Analyst",2019-05-01,60000.00,E0010,Resigned,david.martin@company.com
E0055,Kevin,Thomas,"Kevin Thomas",Thomas,Female,"Operations Analyst",2022-10-23,0.00,E0001,Resigned,kevin.thomas@company.com
E0056,Anna,Torres,"Anna Torres",Torres,Female,"Accountant Accountant",2024-03-10,28000.00,E0007,"On Leave",anna.torres@company.com
E0057,Jennifer,Tan,"Jennifer Tan",Tan,Male,"Operations Analyst",2023-02-03,40000.00,E0005,Unknown,jennifer.tan@company.com
E0058,Sofia,Wilson,"Sofia Wilson",Wilson,Male,"Operations Analyst",2018-10-20,45000.00,E0010,Unknown,sofia.wilson@company.com
E0059,Robert,Anderson,"Robert Anderson",Anderson,Male,"Customer Officer",2023-08-12,75000.00,E0002,Resigned,n/a
E0060,Nicole,Smith,"Nicole Smith",Smith,n/a,"Hr Specialist",2024-06-14,45000.00,E0010,Active,nicole.smith@company.com
E0061,Daniel,Martin,"Daniel Martin",Martin,n/a,"Accountant Accountant",2022-11-21,75000.00,E0002,"On Leave",daniel.martin@company.com
E0062,Mark,Smith,"Mark Smith",Smith,Male,"Logistics Coordinator",2022-06-29,75000.00,E0002,Active,mark.smith@company.com
E0063,Anna,Brown,"Anna Brown",Brown,n/a,"Manager Manager",2018-08-11,50000.00,E0010,"On Leave",anna.brown@company.com
E0064,Maria,Torres,"Maria Torres",Torres,Male,"Logistics Coordinator",2023-06-09,0.00,E0004,Unknown,maria.torres@company.com
E0065,Angela,Santos,"Angela Santos",Santos,n/a,"It Analyst",2019-09-23,45000.00,E0009,Unknown,angela.santos@company.com
E0066,Jennifer,Martin,"Jennifer Martin",Martin,Female,"Customer Officer",2024-09-21,35000.00,E0002,Active,jennifer.martin@company.com
E0067,Nicole,Smith,"Nicole Smith",Smith,n/a,"Operations Analyst",2024-08-01,75000.00,E0003,"On Leave",nicole.smith@company.com
E0068,Grace,Smith,"Grace Smith",Smith,n/a,"Marketing Specialist",2020-09-05,40000.00,E0007,Active,grace.smith@company.com
E0069,Jennifer,Brown,"Jennifer Brown",Brown,Female,"Sales Representative",2019-02-16,90000.00,E0008,Active,jennifer.brown@company.com
E0070,Nicole,"Dela Cruz","Nicole Dela Cruz","Dela Cruz",Male,"Operations Analyst",2022-06-17,50000.00,E0009,"On Leave",nicole.delacruz@company.com
E0071,Jennifer,Moore,"Jennifer Moore",Moore,Male,"Operations Analyst",2019-01-06,32000.00,E0008,Active,jennifer.moore@company.com
E0072,John,Reyes,"John Reyes",Reyes,Male,"Marketing Specialist",2020-09-27,0.00,E0003,Active,john.reyes@company.com
E0073,Rachel,Brown,"Rachel Brown",Brown,n/a,"Supervisor Supervisor",2020-11-11,75000.00,E0005,Unknown,rachel.brown@company.com
E0074,James,Anderson,"James Anderson",Anderson,Male,"Customer Officer",2023-02-15,60000.00,E0008,Active,james.anderson@company.com
E0075,Chris,Johnson,"Chris Johnson",Johnson,n/a,Unknown,2025-05-20,28000.00,E0010,Unknown,chris.johnson@company.com
E0076,Maria,White,"Maria White",White,Female,"Hr Specialist",2021-12-14,40000.00,E0010,Active,maria.white@company.com
E0077,Michael,Garcia,"Michael Garcia",Garcia,Male,"Sales Representative",2019-06-23,45000.00,E0006,Unknown,michael.garcia@company.com
E0078,Sofia,"Dela Cruz","Sofia Dela Cruz","Dela Cruz",n/a,"Operations Analyst",2020-11-18,45000.00,E0006,Active,sofia.delacruz@company.com
E0079,James,"Dela Cruz","James Dela Cruz","Dela Cruz",Female,"Manager Manager",2022-06-05,90000.00,E0002,"On Leave",james.delacruz@company.com
E0080,Emily,Taylor,"Emily Taylor",Taylor,Female,"Manager Manager",2024-11-03,32000.00,E0008,Unknown,emily.taylor@company.com
E0081,Nicole,Garcia,"Nicole Garcia",Garcia,Female,"Operations Analyst",2019-04-21,90000.00,E0003,"On Leave",nicole.garcia@company.com
E0082,Angela,Wilson,"Angela Wilson",Wilson,n/a,"It Analyst",2024-11-26,28000.00,E0006,Active,angela.wilson@company.com
E0083,Kevin,Johnson,"Kevin Johnson",Johnson,Male,"Marketing Specialist",2023-02-06,40000.00,E0010,Active,n/a
E0084,Mark,Rivera,"Mark Rivera",Rivera,Female,"Hr Specialist",2019-08-28,45000.00,E0003,Active,mark.rivera@company.com
E0085,Daniel,Garcia,"Daniel Garcia",Garcia,Male,"Hr Specialist",2018-03-06,28000.00,E0003,Unknown,daniel.garcia@company.com
E0086,Anna,Cruz,"Anna Cruz",Cruz,Female,"Manager Manager",2023-01-26,0.00,E0001,Unknown,anna.cruz@company.com
E0087,Brian,Tan,"Brian Tan",Tan,Female,"Logistics Coordinator",2022-12-22,32000.00,E0006,Resigned,brian.tan@company.com
E0088,Michael,Lim,"Michael Lim",Lim,n/a,"Supervisor Supervisor",2023-02-02,60000.00,E0002,Unknown,michael.lim@company.com
E0089,Angela,Torres,"Angela Torres",Torres,Female,"Customer Officer",2023-02-01,32000.00,E0006,"On Leave",angela.torres@company.com
E0090,Emily,Johnson,"Emily Johnson",Johnson,Female,"Marketing Specialist",2024-03-28,90000.00,E0009,Active,emily.johnson@company.com
E0091,Nicole,Johnson,"Nicole Johnson",Johnson,Female,"Supervisor Supervisor",2019-03-01,40000.00,E0003,Unknown,nicole.johnson@company.com
E0092,Anna,Johnson,"Anna Johnson",Johnson,n/a,"Customer Officer",2024-12-21,90000.00,E0001,Resigned,anna.johnson@company.com
E0093,Emily,Santos,"Emily Santos",Santos,Female,"Operations Analyst",2021-12-08,35000.00,E0010,Unknown,emily.santos@company.com
E0094,Michael,Santos,"Michael Santos",Santos,Male,"Logistics Coordinator",2022-02-24,50000.00,E0010,Resigned,michael.santos@company.com
E0095,Maria,"Dela Cruz","Maria Dela Cruz","Dela Cruz",Female,"Operations Analyst",2022-10-03,75000.00,E0007,Active,maria.delacruz@company.com
E0096,Brian,Garcia,"Brian Garcia",Garcia,Male,"Manager Manager",2018-07-06,0.00,E0001,Active,brian.garcia@company.com
E0097,Sofia,"Dela Cruz","Sofia Dela Cruz","Dela Cruz",Male,"Sales Representative",2022-10-30,60000.00,E0009,Unknown,sofia.delacruz@company.com
E0098,Angela,Johnson,"Angela Johnson",Johnson,Male,"Sales Representative",2023-02-27,50000.00,E0010,"On Leave",angela.johnson@company.com
E0099,Nicole,Tan,"Nicole Tan",Tan,Male,"Marketing Specialist",2022-01-22,32000.00,E0004,"On Leave",nicole.tan@company.com
E0100,Brian,Cruz,"Brian Cruz",Cruz,Female,"Hr Specialist",2019-11-20,32000.00,E0009,Resigned,brian.cruz@company.com
E0101,Grace,Johnson,"Grace Johnson",Johnson,Female,"It Analyst",2024-04-28,0.00,E0010,Active,grace.johnson@company.com
E0102,Mark,"Dela Cruz","Mark Dela Cruz","Dela Cruz",Female,"Operations Analyst",2024-08-19,90000.00,E0002,Active,mark.delacruz@company.com
E0103,Maria,Reyes,"Maria Reyes",Reyes,Male,"Manager Manager",2024-07-05,28000.00,E0008,Resigned,maria.reyes@company.com
E0104,Mark,White,"Mark White",White,Female,"Logistics Coordinator",2023-08-29,28000.00,E0004,Unknown,mark.white@company.com
E0105,Alex,Thomas,"Alex Thomas",Thomas,n/a,"Operations Analyst",2021-10-17,28000.00,E0006,Active,alex.thomas@company.com
E0106,Angela,Brown,"Angela Brown",Brown,Male,"Supervisor Supervisor",2021-09-27,35000.00,E0006,Active,angela.brown@company.com
E0107,David,"Dela Cruz","David Dela Cruz","Dela Cruz",n/a,"Customer Officer",2021-09-07,90000.00,E0002,Unknown,david.delacruz@company.com
E0108,Brian,Johnson,"Brian Johnson",Johnson,Male,"Hr Specialist",2023-06-15,35000.00,E0003,Active,brian.johnson@company.com
E0109,Anna,Thomas,"Anna Thomas",Thomas,n/a,"Supervisor Supervisor",2025-01-02,75000.00,E0001,"On Leave",anna.thomas@company.com
E0110,Kevin,Anderson,"Kevin Anderson",Anderson,n/a,"Logistics Coordinator",2020-09-06,75000.00,E0004,Active,kevin.anderson@company.com
E0111,Chris,Anderson,"Chris Anderson",Anderson,Female,"Manager Manager",2019-10-26,0.00,E0003,Active,n/a
E0112,Jennifer,Johnson,"Jennifer Johnson",Johnson,n/a,"Manager Manager",2021-03-13,35000.00,E0005,"On Leave",jennifer.johnson@company.com
E0113,Michael,Wilson,"Michael Wilson",Wilson,Male,"Marketing Specialist",2022-08-27,90000.00,E0006,Active,michael.wilson@company.com
E0114,James,Johnson,"James Johnson",Johnson,Female,"It Analyst",2025-04-16,35000.00,E0003,Active,james.johnson@company.com
E0115,Jennifer,"Dela Cruz","Jennifer Dela Cruz","Dela Cruz",Female,Unknown,2020-06-02,0.00,E0009,"On Leave",jennifer.delacruz@company.com
E0116,Robert,Rivera,"Robert Rivera",Rivera,Male,"It Analyst",2023-08-10,28000.00,E0009,Resigned,robert.rivera@company.com
E0117,Michael,Tan,"Michael Tan",Tan,Female,"Hr Specialist",2020-02-07,32000.00,E0009,Active,michael.tan@company.com
E0118,Brian,Moore,"Brian Moore",Moore,n/a,"Logistics Coordinator",2022-01-02,40000.00,E0002,Resigned,brian.moore@company.com
E0119,Mark,"Dela Cruz","Mark Dela Cruz","Dela Cruz",Male,"Accountant Accountant",2023-03-19,35000.00,E0003,Active,mark.delacruz@company.com
E0120,Alex,Reyes,"Alex Reyes",Reyes,Male,"Manager Manager",2024-02-03,28000.00,E0004,Active,alex.reyes@company.com
E0121,Maria,Smith,"Maria Smith",Smith,Male,"Customer Officer",2022-12-07,35000.00,E0008,Unknown,maria.smith@company.com
E0122,Brian,Lim,"Brian Lim",Lim,Male,"Marketing Specialist",2022-10-12,75000.00,E0006,"On Leave",n/a
E0123,Grace,White,"Grace White",White,Female,"Sales Representative",2019-10-18,0.00,E0008,Active,grace.white@company.com
E0124,Kevin,Johnson,"Kevin Johnson",Johnson,Male,"Sales Representative",2023-01-17,75000.00,E0002,Resigned,kevin.johnson@company.com
E0125,Grace,Brown,"Grace Brown",Brown,Male,Unknown,2020-02-02,60000.00,E0009,Active,grace.brown@company.com
E0126,Emily,Anderson,"Emily Anderson",Anderson,Female,"Logistics Coordinator",2019-07-10,35000.00,E0008,Active,emily.anderson@company.com
E0127,Mark,Johnson,"Mark Johnson",Johnson,Male,"Accountant Accountant",2025-02-25,50000.00,E0009,Active,mark.johnson@company.com
E0128,Sofia,"Dela Cruz","Sofia Dela Cruz","Dela Cruz",Female,"Manager Manager",2023-03-30,0.00,E0002,Active,sofia.delacruz@company.com
E0129,Jennifer,Thomas,"Jennifer Thomas",Thomas,Female,"It Analyst",2023-03-24,50000.00,E0003,Resigned,jennifer.thomas@company.com
E0130,Daniel,"Dela Cruz","Daniel Dela Cruz","Dela Cruz",Female,"Manager Manager",2020-07-12,45000.00,E0002,Active,daniel.delacruz@company.com
E0131,Angela,Lim,"Angela Lim",Lim,Female,"It Analyst",2019-11-22,35000.00,E0003,Unknown,angela.lim@company.com
E0132,Rachel,Smith,"Rachel Smith",Smith,n/a,"Sales Representative",2020-05-13,0.00,E0001,"On Leave",rachel.smith@company.com
E0133,Angela,Tan,"Angela Tan",Tan,Male,"Customer Officer",2018-10-26,35000.00,E0008,"On Leave",angela.tan@company.com
E0134,Sofia,Smith,"Sofia Smith",Smith,n/a,"Marketing Specialist",2021-11-15,50000.00,E0009,Resigned,sofia.smith@company.com
E0135,Kevin,Anderson,"Kevin Anderson",Anderson,Male,"Accountant Accountant",2020-10-13,50000.00,E0010,Unknown,kevin.anderson@company.com
E0136,Daniel,Martin,"Daniel Martin",Martin,n/a,"Operations Analyst",2019-01-04,75000.00,E0004,Active,daniel.martin@company.com
E0137,Maria,Reyes,"Maria Reyes",Reyes,Male,"Logistics Coordinator",2018-02-03,35000.00,E0005,Unknown,maria.reyes@company.com
E0138,David,Johnson,"David Johnson",Johnson,Male,"Customer Officer",2024-03-02,0.00,E0010,Active,david.johnson@company.com
E0139,Anna,Brown,"Anna Brown",Brown,Male,"Marketing Specialist",2020-03-26,60000.00,E0009,Active,n/a
E0140,Michael,Smith,"Michael Smith",Smith,Female,"Supervisor Supervisor",2022-05-29,45000.00,E0010,Active,michael.smith@company.com
E0141,Brian,Moore,"Brian Moore",Moore,Female,"Sales Representative",2019-03-25,45000.00,E0001,Resigned,brian.moore@company.com
E0142,Chris,Taylor,"Chris Taylor",Taylor,Female,"Accountant Accountant",2024-12-13,40000.00,E0001,Resigned,chris.taylor@company.com
E0143,Anna,Torres,"Anna Torres",Torres,Male,"Accountant Accountant",2020-04-15,0.00,E0008,Unknown,anna.torres@company.com
E0144,Michael,Thomas,"Michael Thomas",Thomas,Female,"Logistics Coordinator",2021-07-09,90000.00,E0006,Resigned,michael.thomas@company.com
E0145,Emily,White,"Emily White",White,Female,"Operations Analyst",2020-07-10,45000.00,E0004,Unknown,emily.white@company.com
E0146,Mark,Martin,"Mark Martin",Martin,Male,"Supervisor Supervisor",2022-04-05,50000.00,E0003,Active,n/a
E0147,James,Johnson,"James Johnson",Johnson,Female,"Hr Specialist",2024-01-16,90000.00,E0005,Active,james.johnson@company.com
E0148,Chris,Rivera,"Chris Rivera",Rivera,Female,"Manager Manager",2020-08-11,60000.00,E0006,Unknown,chris.rivera@company.com
E0149,Michael,Santos,"Michael Santos",Santos,n/a,"Logistics Coordinator",2020-03-27,45000.00,E0001,Active,michael.santos@company.com
E0150,Kevin,Moore,"Kevin Moore",Moore,Male,"Accountant Accountant",2018-05-29,75000.00,E0003,Unknown,kevin.moore@company.com
E0151,Robert,Reyes,"Robert Reyes",Reyes,Male,"It Analyst",2021-10-04,90000.00,E0009,"On Leave",robert.reyes@company.com
E0152,Michael,Thomas,"Michael Thomas",Thomas,Female,"It Analyst",2023-02-23,35000.00,E0001,Unknown,michael.thomas@company.com
E0153,Robert,Taylor,"Robert Taylor",Taylor,Female,"Customer Officer",2023-10-12,60000.00,E0002,Active,robert.taylor@company.com
E0154,Jennifer,Smith,"Jennifer Smith",Smith,Female,"Hr Specialist",2020-12-29,0.00,E0010,Active,jennifer.smith@company.com
E0155,Grace,Rivera,"Grace Rivera",Rivera,Male,"Accountant Accountant",2023-08-21,45000.00,E0002,Unknown,grace.rivera@company.com
E0156,Robert,Johnson,"Robert Johnson",Johnson,n/a,"Accountant Accountant",2023-02-07,50000.00,E0007,Unknown,robert.johnson@company.com
E0157,Jennifer,Moore,"Jennifer Moore",Moore,Female,"Supervisor Supervisor",2018-12-02,90000.00,E0006,Active,jennifer.moore@company.com
E0158,Anna,Reyes,"Anna Reyes",Reyes,n/a,"Accountant Accountant",2020-04-21,75000.00,E0002,Resigned,anna.reyes@company.com
E0159,Maria,Anderson,"Maria Anderson",Anderson,Female,"Sales Representative",2021-06-16,60000.00,E0005,Active,maria.anderson@company.com
E0160,Chris,Cruz,"Chris Cruz",Cruz,Male,"It Analyst",2018-09-04,75000.00,E0001,Active,chris.cruz@company.com
E0161,Michael,Wilson,"Michael Wilson",Wilson,Male,"Customer Officer",2025-06-03,50000.00,E0002,Active,michael.wilson@company.com
E0162,David,Thomas,"David Thomas",Thomas,Female,"Sales Representative",2023-03-12,90000.00,E0007,Resigned,david.thomas@company.com
E0163,Kevin,Rivera,"Kevin Rivera",Rivera,Female,"It Analyst",2018-03-06,32000.00,E0002,Resigned,n/a
E0164,Rachel,Reyes,"Rachel Reyes",Reyes,Female,"Hr Specialist",2018-08-20,45000.00,E0004,Unknown,rachel.reyes@company.com
E0165,Chris,White,"Chris White",White,Male,"Accountant Accountant",2023-11-06,45000.00,E0005,Active,chris.white@company.com
E0166,Chris,Mendoza,"Chris Mendoza",Mendoza,Female,"Manager Manager",2022-09-02,45000.00,E0007,Active,chris.mendoza@company.com
E0167,Jennifer,Rivera,"Jennifer Rivera",Rivera,Female,"Accountant Accountant",2018-08-25,60000.00,E0009,Resigned,jennifer.rivera@company.com
E0168,Kevin,Lim,"Kevin Lim",Lim,Female,"Logistics Coordinator",2019-01-14,40000.00,E0001,Active,kevin.lim@company.com
E0169,Rachel,White,"Rachel White",White,Male,"Manager Manager",2020-05-05,28000.00,E0004,Active,rachel.white@company.com
E0170,Anna,Martin,"Anna Martin",Martin,Female,"Hr Specialist",2021-03-05,90000.00,E0006,Active,anna.martin@company.com
E0171,Brian,Martin,"Brian Martin",Martin,Female,"Logistics Coordinator",2021-08-04,50000.00,E0007,Active,brian.martin@company.com
E0172,Kevin,"Dela Cruz","Kevin Dela Cruz","Dela Cruz",Male,"Supervisor Supervisor",2022-09-07,40000.00,E0006,Active,kevin.delacruz@company.com
E0173,Kevin,Martin,"Kevin Martin",Martin,n/a,"Logistics Coordinator",2025-03-13,75000.00,E0003,Unknown,kevin.martin@company.com
E0174,Daniel,"Dela Cruz","Daniel Dela Cruz","Dela Cruz",n/a,"Sales Representative",2018-11-01,28000.00,E0007,Active,daniel.delacruz@company.com
E0175,Kevin,Cruz,"Kevin Cruz",Cruz,Female,"Logistics Coordinator",2024-12-05,0.00,E0008,Unknown,kevin.cruz@company.com
E0176,John,Moore,"John Moore",Moore,n/a,"Manager Manager",2024-01-04,90000.00,E0007,Active,john.moore@company.com
E0177,Anna,Thomas,"Anna Thomas",Thomas,Female,"Manager Manager",2021-12-22,60000.00,E0002,Active,anna.thomas@company.com
E0178,Alex,Taylor,"Alex Taylor",Taylor,Female,"It Analyst",2025-04-15,60000.00,E0007,"On Leave",alex.taylor@company.com
E0179,Maria,Santos,"Maria Santos",Santos,Female,"Customer Officer",2021-09-18,32000.00,E0009,Active,maria.santos@company.com
E0180,Chris,Martin,"Chris Martin",Martin,Male,"Operations Analyst",2024-04-27,35000.00,E0006,Active,chris.martin@company.com
E0181,Chris,"Dela Cruz","Chris Dela Cruz","Dela Cruz",Female,"Supervisor Supervisor",2022-05-13,90000.00,E0006,"On Leave",chris.delacruz@company.com
E0182,Michael,Cruz,"Michael Cruz",Cruz,n/a,"Supervisor Supervisor",2022-06-13,45000.00,E0008,"On Leave",michael.cruz@company.com
E0183,Angela,Brown,"Angela Brown",Brown,Female,"Customer Officer",2018-12-03,60000.00,E0003,Unknown,angela.brown@company.com
E0184,Grace,Garcia,"Grace Garcia",Garcia,Male,"Logistics Coordinator",2021-01-09,32000.00,E0003,"On Leave",grace.garcia@company.com
E0185,Angela,Thomas,"Angela Thomas",Thomas,Female,"Marketing Specialist",2024-09-11,50000.00,E0007,Active,angela.thomas@company.com
E0186,David,Cruz,"David Cruz",Cruz,n/a,"Accountant Accountant",2019-11-26,45000.00,E0005,"On Leave",david.cruz@company.com
E0187,Daniel,Wilson,"Daniel Wilson",Wilson,Male,"It Analyst",2020-10-07,75000.00,E0010,Resigned,daniel.wilson@company.com
E0188,Anna,"Dela Cruz","Anna Dela Cruz","Dela Cruz",Male,"Marketing Specialist",2022-04-06,50000.00,E0007,Unknown,anna.delacruz@company.com
E0189,Michael,Tan,"Michael Tan",Tan,Male,"Accountant Accountant",2021-07-31,75000.00,E0010,Active,michael.tan@company.com
E0190,Emily,Brown,"Emily Brown",Brown,Male,"Hr Specialist",2024-02-13,90000.00,E0001,Unknown,emily.brown@company.com
E0191,Sofia,Anderson,"Sofia Anderson",Anderson,Male,"Customer Officer",2019-07-25,40000.00,E0005,Unknown,sofia.anderson@company.com
E0192,Nicole,Brown,"Nicole Brown",Brown,Male,"Logistics Coordinator",2023-12-29,60000.00,E0009,Active,nicole.brown@company.com
E0193,Grace,Moore,"Grace Moore",Moore,n/a,"Supervisor Supervisor",2021-09-20,28000.00,E0002,Active,grace.moore@company.com
E0194,Brian,Moore,"Brian Moore",Moore,n/a,"Customer Officer",2024-08-07,35000.00,E0006,Active,brian.moore@company.com
E0195,Robert,Wilson,"Robert Wilson",Wilson,Male,"Accountant Accountant",2021-11-06,40000.00,E0009,"On Leave",robert.wilson@company.com
E0196,Anna,Anderson,"Anna Anderson",Anderson,Female,"Marketing Specialist",2019-11-05,90000.00,E0003,Resigned,anna.anderson@company.com
E0197,Angela,Wilson,"Angela Wilson",Wilson,Female,"Accountant Accountant",2024-11-20,0.00,E0007,"On Leave",n/a
E0198,Sofia,Torres,"Sofia Torres",Torres,Male,"Manager Manager",2020-12-10,75000.00,E0009,Unknown,sofia.torres@company.com
E0199,David,White,"David White",White,Female,"Logistics Coordinator",2021-05-03,32000.00,E0003,Active,david.white@company.com
E0200,Robert,Garcia,"Robert Garcia",Garcia,Female,"Manager Manager",2024-09-08,60000.00,E0007,Active,robert.garcia@company.com
E0201,Angela,Mendoza,"Angela Mendoza",Mendoza,n/a,"Accountant Accountant",2022-01-10,35000.00,E0004,"On Leave",angela.mendoza@company.com
E0202,Brian,Martin,"Brian Martin",Martin,Female,"Logistics Coordinator",2018-12-05,40000.00,E0005,Active,brian.martin@company.com
E0203,Angela,Tan,"Angela Tan",Tan,Female,"Logistics Coordinator",2019-04-09,45000.00,E0009,Active,angela.tan@company.com
E0204,Maria,Anderson,"Maria Anderson",Anderson,n/a,"It Analyst",2025-05-01,28000.00,E0008,Active,maria.anderson@company.com
E0205,James,Anderson,"James Anderson",Anderson,Male,"Supervisor Supervisor",2024-11-04,35000.00,E0010,Active,james.anderson@company.com
E0206,Sofia,Reyes,"Sofia Reyes",Reyes,n/a,"Supervisor Supervisor",2021-08-18,45000.00,E0010,Active,sofia.reyes@company.com
E0207,Brian,Garcia,"Brian Garcia",Garcia,Female,"Operations Analyst",2019-06-04,35000.00,E0004,Active,brian.garcia@company.com
E0208,Kevin,Brown,"Kevin Brown",Brown,Female,"Operations Analyst",2022-03-17,32000.00,E0007,Resigned,kevin.brown@company.com
E0209,Grace,Anderson,"Grace Anderson",Anderson,Female,"It Analyst",2023-02-21,50000.00,E0002,Resigned,grace.anderson@company.com
E0210,Nicole,Torres,"Nicole Torres",Torres,Female,"Operations Analyst",2024-06-25,75000.00,E0006,Unknown,nicole.torres@company.com
E0211,Maria,Garcia,"Maria Garcia",Garcia,Female,"Sales Representative",2022-10-19,35000.00,E0005,Active,maria.garcia@company.com
E0212,Emily,Cruz,"Emily Cruz",Cruz,Male,"Operations Analyst",2020-08-17,32000.00,E0002,Active,emily.cruz@company.com
E0213,James,"Dela Cruz","James Dela Cruz","Dela Cruz",n/a,Unknown,2021-11-08,60000.00,E0003,"On Leave",james.delacruz@company.com
E0214,David,Cruz,"David Cruz",Cruz,Male,"Operations Analyst",2019-06-30,35000.00,E0002,Resigned,david.cruz@company.com
E0215,Rachel,Mendoza,"Rachel Mendoza",Mendoza,Female,"Accountant Accountant",2024-11-28,40000.00,E0002,Active,rachel.mendoza@company.com
E0216,Anna,Taylor,"Anna Taylor",Taylor,Female,"Marketing Specialist",2020-10-11,32000.00,E0004,Resigned,anna.taylor@company.com
E0217,Rachel,Tan,"Rachel Tan",Tan,Male,"Supervisor Supervisor",2022-05-24,28000.00,E0004,"On Leave",rachel.tan@company.com
E0218,Kevin,Martin,"Kevin Martin",Martin,n/a,"Sales Representative",2021-07-20,0.00,E0007,Active,kevin.martin@company.com
E0219,Daniel,Martin,"Daniel Martin",Martin,Male,"Sales Representative",2018-06-13,60000.00,E0009,Active,daniel.martin@company.com
E0220,Brian,Wilson,"Brian Wilson",Wilson,Female,"Operations Analyst",2021-08-31,32000.00,E0005,Unknown,brian.wilson@company.com
E0221,Kevin,Reyes,"Kevin Reyes",Reyes,Female,"It Analyst",2024-10-29,35000.00,E0002,Active,kevin.reyes@company.com
E0222,John,Mendoza,"John Mendoza",Mendoza,Female,"Operations Analyst",2021-01-05,32000.00,E0001,Active,john.mendoza@company.com
E0223,Emily,Thomas,"Emily Thomas",Thomas,Male,"Supervisor Supervisor",2023-07-26,50000.00,E0001,"On Leave",emily.thomas@company.com
E0224,Daniel,Johnson,"Daniel Johnson",Johnson,Female,"Supervisor Supervisor",2019-04-18,90000.00,E0001,Active,daniel.johnson@company.com
E0225,John,Rivera,"John Rivera",Rivera,Male,"Accountant Accountant",2025-05-09,50000.00,E0004,"On Leave",john.rivera@company.com
E0226,Mark,Lim,"Mark Lim",Lim,Male,"Hr Specialist",2018-07-08,75000.00,E0005,Active,mark.lim@company.com
E0227,Angela,Anderson,"Angela Anderson",Anderson,Male,"Supervisor Supervisor",2024-12-25,50000.00,E0010,"On Leave",angela.anderson@company.com
E0228,Sofia,Moore,"Sofia Moore",Moore,Female,Unknown,2024-01-28,28000.00,E0006,Active,sofia.moore@company.com
E0229,David,Tan,"David Tan",Tan,Male,"Hr Specialist",2018-09-03,45000.00,E0002,Active,david.tan@company.com
E0230,Brian,Wilson,"Brian Wilson",Wilson,Male,"It Analyst",2023-09-02,60000.00,E0002,Resigned,brian.wilson@company.com
E0231,Nicole,"Dela Cruz","Nicole Dela Cruz","Dela Cruz",Female,"Marketing Specialist",2022-05-29,50000.00,E0006,"On Leave",nicole.delacruz@company.com
E0232,James,Torres,"James Torres",Torres,Female,"Customer Officer",2023-01-26,45000.00,E0002,Active,james.torres@company.com
E0233,Robert,White,"Robert White",White,Male,"Marketing Specialist",2022-06-12,45000.00,E0005,Active,n/a
E0234,David,Anderson,"David Anderson",Anderson,n/a,"Sales Representative",2020-06-29,60000.00,E0006,Unknown,david.anderson@company.com
E0235,James,Taylor,"James Taylor",Taylor,n/a,Unknown,2018-09-22,75000.00,E0003,Active,james.taylor@company.com
E0236,Mark,Garcia,"Mark Garcia",Garcia,Male,Unknown,2022-10-14,40000.00,E0003,Active,mark.garcia@company.com
E0237,Michael,Reyes,"Michael Reyes",Reyes,n/a,"Logistics Coordinator",2024-03-05,32000.00,E0005,"On Leave",michael.reyes@company.com
E0238,Sofia,Thomas,"Sofia Thomas",Thomas,Female,"Marketing Specialist",2023-06-09,0.00,E0009,Active,sofia.thomas@company.com
E0239,Daniel,Santos,"Daniel Santos",Santos,Male,"Operations Analyst",2020-08-11,40000.00,E0004,Active,daniel.santos@company.com
E0240,Maria,Rivera,"Maria Rivera",Rivera,n/a,"Accountant Accountant",2022-01-09,50000.00,E0010,Resigned,maria.rivera@company.com
E0241,Sofia,Martin,"Sofia Martin",Martin,n/a,"Supervisor Supervisor",2023-11-27,50000.00,E0010,Active,sofia.martin@company.com
E0242,Mark,Mendoza,"Mark Mendoza",Mendoza,Male,"Supervisor Supervisor",2019-08-04,90000.00,E0006,Active,mark.mendoza@company.com
E0243,David,Taylor,"David Taylor",Taylor,Male,"Accountant Accountant",2022-11-25,50000.00,E0003,Unknown,david.taylor@company.com
E0244,Rachel,Johnson,"Rachel Johnson",Johnson,Female,"Operations Analyst",2024-06-04,0.00,E0001,Active,rachel.johnson@company.com
E0245,Rachel,Rivera,"Rachel Rivera",Rivera,n/a,"Accountant Accountant",2018-11-15,50000.00,E0003,Unknown,rachel.rivera@company.com
E0246,James,Smith,"James Smith",Smith,Female,"Hr Specialist",2021-12-06,32000.00,E0001,Active,james.smith@company.com
E0247,Nicole,Mendoza,"Nicole Mendoza",Mendoza,Female,"Marketing Specialist",2019-02-20,0.00,E0004,Active,nicole.mendoza@company.com
E0248,Maria,Tan,"Maria Tan",Tan,Male,"It Analyst",2024-02-19,0.00,E0010,"On Leave",maria.tan@company.com
E0249,Nicole,Mendoza,"Nicole Mendoza",Mendoza,n/a,"Hr Specialist",2024-03-19,90000.00,E0005,Unknown,nicole.mendoza@company.com
E0250,Kevin,Garcia,"Kevin Garcia",Garcia,Male,"Logistics Coordinator",2021-04-21,0.00,E0008,Active,kevin.garcia@company.com
