product_id,product_name,category,supplier,unit_cost,reorder_level,stock_quantity
P0001,Laptop,"Mobile Devices","Metro Distributors",15000,20,199
P0002,Monitor,"Computer Accesossories","Metro Distributors",5000,20,238
P0003,Keyboard,"Computer Accesossories",TechSource,1000,10,243
P0004,Mouse,"Computer Accesossories","Global Office",700,50,295
P0005,Printer,"Computer Accesossories","Global Office",2000,30,5
P0006,"Office Chair","Office Furniture","ABC Trading",2000,10,293
P0007,Desk,"Office Furniture","Global Office",10000,10,79
P0008,Headset,"Computer Accesossories","Metro Distributors",600,0,44
P0009,Webcam,"Computer Accesossories",TechSource,900,30,264
P0010,Tablet,"Mobile Devices",TechSource,5000,50,289
P0011,Smartphone,"Mobile Devices",TechSource,7500,10,241
P0012,Router,Networking,"Prime Supplies",500,50,29
P0013,"External Drive",Electronics,"Global Office",400,10,272
P0014,Projector,Electronics,TechSource,2500,5,66
P0015,UPS,Electronics,"Metro Distributors",3500,50,66
